{
  "norm_stats": {
    "state": {
      "mean": [
        0.16953350603580475,
        0.2130037099123001,
        0.04778377711772919,
        -2.544588088989258,
        -0.07941872626543045,
        2.7543044090270996,
        1.0692280530929565,
        0.03297668322920799,
        0.03296927362680435
      ],
      "std": [
        0.13775117695331573,
        0.16150516271591187,
        0.07978701591491699,
        0.14730563759803772,
        0.1136816143989563,
        0.14639319479465485,
        0.2877066433429718,
        0.007552907802164555,
        0.007561064790934324
      ],
      "q01": [
        -0.008018293283507229,
        -0.1451118934303522,
        -0.08644270059913396,
        -2.811405516529083,
        -0.37379020645692945,
        2.4828763890266417,
        0.740250358223915,
        0.024057355220615865,
        0.024053904569521545
      ],
      "q99": [
        0.41685523739755154,
        0.5866566918432713,
        0.230969702360034,
        -2.184167153072357,
        0.050225350712239714,
        3.0800113034248353,
        1.5759295122623445,
        0.039996799056977034,
        0.03999679900668561
      ]
    },
    "actions": {
      "mean": [
        -0.0005130337085574865,
        -0.00009946429054252803,
        0.0005076806992292404,
        0.00003562874553608708,
        -0.0009948434308171272,
        -0.000025186058337567374,
        0.3167969286441803
      ],
      "std": [
        0.004152522422373295,
        0.00863823015242815,
        0.00743429409340024,
        0.0031189224682748318,
        0.004593445919454098,
        0.0012028515338897705,
        0.7470195293426514
      ],
      "q01": [
        -0.017738421618938446,
        -0.026065990214049817,
        -0.020944317042827607,
        -0.01783444012189284,
        -0.0192476823432371,
        -0.004613340114615858,
        -0.5
      ],
      "q99": [
        0.0100808111667633,
        0.027292374613881107,
        0.017254838949441915,
        0.003564086477737871,
        0.003914952001534404,
        0.004204792156629264,
        0.9996999999999998
      ]
    }
  }
}